代码,简称,日期,前收盘价(元),开盘价(元),最高价(元),最低价(元),收盘价(元),成交量(股),成交金额(元),涨跌(元),涨跌幅(%),均价(元),换手率(%),A股流通市值(元),B股流通市值(元),总市值(元),A股流通股本(股),B股流通股本(股),总股本(股),市盈率,市净率,市销率,市现率,
300453.SZ,三鑫医疗,2015-05-15,N/A,8.4673,9.2402,8.4673,9.2402,8000,147465,N/A,N/A,18.4331,0.0403,368005800,N/A,1470540800,19860000,0,79360000,30.2485,5.8758,4.564,154.0177,
300453.SZ,三鑫医疗,2015-05-18,9.2402,10.1627,10.1627,10.1627,10.1627,2700,55026,0.9225,9.9838,20.38,0.0136,404746800,N/A,1617356800,19860000,0,79360000,33.2684,6.4624,5.0197,169.3945,
300453.SZ,三鑫医疗,2015-05-19,10.1627,11.18,11.18,11.18,11.18,1500,33630,1.0173,10.0098,22.42,0.0076,445261200,N/A,1779251200,19860000,0,79360000,36.5985,7.1093,5.5221,186.3506,
300453.SZ,三鑫医疗,2015-05-20,11.18,12.297,12.297,12.297,12.297,2000,49320,1.117,9.9911,24.66,0.0101,489747600,N/A,1957017600,19860000,0,79360000,40.2551,7.8196,6.0738,204.9691,
300453.SZ,三鑫医疗,2015-05-21,12.297,13.5287,13.5287,13.5287,13.5287,2800,75964,1.2317,10.0162,27.13,0.0141,538801800,N/A,2153036800,19860000,0,79360000,44.2872,8.6028,6.6822,225.4992,
300453.SZ,三鑫医疗,2015-05-22,13.5287,14.8801,14.8801,14.8801,14.8801,3500,104440,1.3514,9.9889,29.84,0.0176,592622400,N/A,2368102400,19860000,0,79360000,48.711,9.4621,7.3497,248.0242,
300453.SZ,三鑫医疗,2015-05-25,14.8801,16.3661,16.3661,16.3661,16.3661,2500,82050,1.486,9.9866,32.82,0.0126,651805200,N/A,2604595200,19860000,0,79360000,53.5755,10.4071,8.0837,272.7934,
300453.SZ,三鑫医疗,2015-05-26,16.3661,18.0017,18.0017,18.0017,18.0017,3100,111910,1.6356,9.9939,36.1,0.0156,716946000,N/A,2864896000,19860000,0,79360000,58.9298,11.4471,8.8915,300.0561,
300453.SZ,三鑫医疗,2015-05-27,18.0017,19.8019,19.8019,19.8019,19.8019,3800,150898,1.8002,10,39.71,0.0191,788640600,N/A,3151385600,19860000,0,79360000,64.8228,12.5918,9.7807,330.0617,
300453.SZ,三鑫医疗,2015-05-28,19.8019,21.7816,21.7816,21.7816,21.7816,11200,489216,1.9797,9.9975,43.68,0.0564,867484800,N/A,3466444800,19860000,0,79360000,71.3035,13.8507,10.7585,363.0596,
300453.SZ,三鑫医疗,2015-05-29,21.7816,23.9607,23.9607,23.9607,23.9607,19500,936975,2.1792,10.0046,48.05,0.0982,954273000,N/A,3813248000,19860000,0,79360000,78.4371,15.2364,11.8349,399.3821,
300453.SZ,三鑫医疗,2015-06-01,23.9607,26.3593,26.3593,26.3593,26.3593,7300,385878,2.3986,10.0104,52.86,0.0368,1049799600,N/A,4194969600,19860000,0,79360000,86.2889,16.7616,13.0196,439.3619,
300453.SZ,三鑫医疗,2015-06-02,26.3593,28.9972,28.9972,28.9972,28.9972,7800,453570,2.6379,10.0076,58.15,0.0393,1154859000,N/A,4614784000,19860000,0,79360000,94.9244,18.4391,14.3225,483.3314,
300453.SZ,三鑫医疗,2015-06-03,28.9972,31.8995,31.8995,31.8995,31.8995,31700,2027849,2.9022,10.0086,63.97,0.1596,1270444200,N/A,5076659200,19860000,0,79360000,104.425,20.2846,15.756,531.7061,
300453.SZ,三鑫医疗,2015-06-04,31.8995,35.0909,35.0909,35.0909,35.0909,67800,4771086,3.1914,10.0047,70.37,0.3414,1397548200,N/A,5584563200,19860000,0,79360000,114.8723,22.314,17.3323,584.9016,
300453.SZ,三鑫医疗,2015-06-05,35.0909,38.6015,38.6015,38.6015,38.6015,39200,3034472,3.5106,10.0043,77.41,0.1974,1537362600,N/A,6143257600,19860000,0,79360000,126.3645,24.5463,19.0663,643.4167,
300453.SZ,三鑫医疗,2015-06-08,38.6015,42.4611,42.4611,42.4611,42.4611,125800,10711870,3.8597,9.9987,85.15,0.6334,1691079000,N/A,6757504000,19860000,0,79360000,138.9993,27.0006,20.9727,707.7501,
300453.SZ,三鑫医疗,2015-06-09,42.4611,39.893,42.4562,38.2175,38.2823,9754114,762165885.2,-4.1788,-9.8415,78.1379,49.1144,1524652200,N/A,6092467200,19860000,0,79360000,125.3197,24.3434,18.9087,638.0971,
300453.SZ,三鑫医疗,2015-06-10,38.2823,36.2079,42.1121,36.0084,42.1121,6112397,483887443.3,3.8297,10.0039,79.1649,30.7774,1677177000,N/A,6701952000,19860000,0,79360000,137.8566,26.7787,20.8003,701.9318,
300453.SZ,三鑫医疗,2015-06-11,42.1121,43.1593,46.3258,42.7454,46.3258,5550517,508217900.3,4.2137,10.0059,91.5623,27.9482,1844994000,N/A,7372544000,19860000,0,79360000,151.6504,29.4581,22.8816,772.1665,
300453.SZ,三鑫医疗,2015-06-12,46.3258,50.9534,50.9584,42.7254,43.3837,11229170,1074336292.7,-2.9421,-6.3509,95.6737,56.5416,1727820000,N/A,6904320000,19860000,0,79360000,142.0192,27.5872,21.4284,723.1269,
300453.SZ,三鑫医疗,2015-06-15,43.3837,39.0503,40.3518,39.0453,39.0453,6487702,509536258,-4.3384,-10,78.5388,32.6672,1555038000,N/A,6213888000,19860000,0,79360000,127.8173,24.8285,19.2855,650.8142,
300453.SZ,三鑫医疗,2015-06-16,39.0453,37.3947,38.8957,35.6594,37.3997,4992815,369333889.6,-1.6456,-4.2146,73.9731,25.1401,1489500000,N/A,5952000000,19860000,0,79360000,122.4304,23.7821,18.4727,623.3853,
300453.SZ,三鑫医疗,2015-06-17,37.3997,37.0307,37.7986,33.9091,36.6019,4128589,297071496.4,-0.7979,-2.1333,71.9547,20.7885,1457724000,N/A,5825024000,19860000,0,79360000,119.8185,23.2748,18.0786,610.0864,
300453.SZ,三鑫医疗,2015-06-18,36.6019,36.4024,36.4024,32.9417,33.4403,3070707,213180395.3,-3.1615,-8.6376,69.4239,15.4618,1331811600,N/A,5321881600,19860000,0,79360000,109.4691,21.2644,16.5171,557.3895,
300453.SZ,三鑫医疗,2015-06-19,33.4403,32.2136,34.1833,31.316,31.9144,2792244,182493135.1,-1.5259,-4.5631,65.3572,14.0596,1271040000,N/A,5079040000,19860000,0,79360000,104.4739,20.2941,15.7634,531.9554,
300453.SZ,三鑫医疗,2015-06-23,31.9144,32.1089,34.3329,31.9144,34.0088,3524684,235338548.7,2.0944,6.5625,66.7687,17.7477,1354452000,N/A,5412352000,19860000,0,79360000,111.33,21.6259,16.7979,566.865,
300453.SZ,三鑫医疗,2015-06-24,34.0088,34.1135,34.6521,33.0015,33.8093,3461154,234290267.8,-0.1995,-0.5865,67.6914,17.4278,1346508000,N/A,5380608000,19860000,0,79360000,110.6771,21.499,16.6994,563.5403,
300453.SZ,三鑫医疗,2015-06-25,33.8093,33.4104,33.5101,31.5105,32.069,1936146,127619069,-1.7403,-5.1475,65.914,9.749,1277196600,N/A,5103641600,19860000,0,79360000,104.98,20.3924,15.8398,534.532,
300453.SZ,三鑫医疗,2015-06-26,32.069,30.4184,30.8872,28.8626,28.8626,1930848,114982263.2,-3.2064,-9.9984,59.5501,9.7223,1149496800,N/A,4593356800,19860000,0,79360000,94.4836,18.3534,14.256,481.0872,
300453.SZ,三鑫医疗,2015-06-29,28.8626,29.0222,29.8699,25.9753,25.9753,1947540,103828124.8,-2.8873,-10.0035,53.3124,9.8063,1034507400,N/A,4133862400,19860000,0,79360000,85.032,16.5175,12.8299,432.9618,
300453.SZ,三鑫医疗,2015-06-30,25.9753,25.0229,27.4265,23.3773,27.1273,2520086,127924284.6,1.1519,4.4346,50.7619,12.6893,1080384000,N/A,4317184000,19860000,0,79360000,88.8028,17.25,13.3989,452.1621,
300453.SZ,三鑫医疗,2015-07-01,27.1273,26.3194,28.7479,24.4345,25.0329,3081661,168254161.9,-2.0944,-7.7206,54.5985,15.5169,996972000,N/A,3983872000,19860000,0,79360000,81.9467,15.9182,12.3644,417.2525,
300453.SZ,三鑫医疗,2015-07-02,25.0329,24.6838,26.0801,22.9385,23.2377,1738895,85243003.2,-1.7952,-7.1713,49.0214,8.7558,925476000,N/A,3698176000,19860000,0,79360000,76.0701,14.7766,11.4777,387.33,
300453.SZ,三鑫医疗,2015-07-03,23.2377,22.1905,24.7237,20.9189,22.1007,2207724,99897640,-1.137,-4.8927,45.2492,11.1164,880195200,N/A,3517235200,19860000,0,79360000,72.3482,14.0536,10.9162,368.3791,
300453.SZ,三鑫医疗,2015-07-06,22.1007,24.3098,24.3098,20.4452,21.6819,2748179,126015853.4,-0.4189,-1.8953,45.8543,13.8378,863512800,N/A,3450572800,19860000,0,79360000,70.977,13.7873,10.7093,361.3972,
300453.SZ,三鑫医疗,2015-07-07,21.6819,21.4425,21.4425,19.5127,19.5127,1146700,45786824.1,-2.1692,-10.0046,39.9292,5.7739,777121800,N/A,3105356800,19860000,0,79360000,63.876,12.4079,9.6378,325.2409,
300453.SZ,三鑫医疗,2015-07-08,19.5127,17.5629,18.9243,17.5629,17.5679,2238385,79387915.2,-1.9448,-9.9668,35.4666,11.2708,699667800,N/A,2795852800,19860000,0,79360000,57.5096,11.1712,8.6773,292.8248,
300453.SZ,三鑫医疗,2015-07-09,17.5679,17.4033,19.3232,17.4033,19.3232,3468651,132598373.7,1.7553,9.9915,38.2276,17.4655,769575000,N/A,3075200000,19860000,0,79360000,63.2557,12.2874,9.5442,322.0824,
300453.SZ,三鑫医疗,2015-07-10,19.3232,20.9438,21.258,20.5349,21.258,1126389,47670888.5,1.9348,10.0129,42.3219,5.6716,846631800,N/A,3383116800,19860000,0,79360000,69.5894,13.5178,10.4999,354.3322,
300453.SZ,三鑫医疗,2015-07-13,21.258,23.3823,23.3823,22.385,23.3823,2071461,96976637.1,2.1243,9.993,46.8156,10.4303,931235400,N/A,3721190400,19860000,0,79360000,76.5435,14.8686,11.5492,389.7404,
300453.SZ,三鑫医疗,2015-07-14,23.3823,24.4345,25.721,23.4372,25.721,4706461,238530770.3,2.3387,10.0021,50.6816,23.6982,1024378800,N/A,4093388800,19860000,0,79360000,84.1995,16.3557,12.7043,428.7228,
300453.SZ,三鑫医疗,2015-07-15,25.721,24.4345,25.1575,23.1479,23.1479,2501494,118749590.8,-2.5731,-10.0039,47.4715,12.5956,921901200,N/A,3683891200,19860000,0,79360000,75.7762,14.7195,11.4334,385.8339,
300453.SZ,三鑫医疗,2015-07-16,23.1479,20.9488,24.3547,20.9438,23.0382,2382303,109389249,-0.1097,-0.4739,45.9174,11.9955,917532000,N/A,3666432000,19860000,0,79360000,75.4171,14.6498,11.3792,384.0053,
300453.SZ,三鑫医疗,2015-07-17,23.0382,23.133,25.0578,23.0632,24.8583,2339424,113190348.9,1.8201,7.9004,48.3839,11.7796,990021000,N/A,3956096000,19860000,0,79360000,81.3754,15.8072,12.2782,414.3434,
300453.SZ,三鑫医疗,2015-07-20,24.8583,24.5143,25.9554,24.4145,24.8334,2805164,140581712.7,-0.0249,-0.1003,50.1153,14.1247,989028000,N/A,3952128000,19860000,0,79360000,81.2938,15.7913,12.2659,413.9278,
300453.SZ,三鑫医疗,2015-07-21,24.8334,24.225,26.6785,23.9607,26.3593,3338054,169543596.5,1.5259,6.1446,50.7911,16.8079,1049799600,N/A,4194969600,19860000,0,79360000,86.2889,16.7616,13.0196,439.3619,
300453.SZ,三鑫医疗,2015-07-22,26.3593,26.0302,26.8281,25.6462,26.3144,3445792,180127056.9,-0.0449,-0.1703,52.2745,17.3504,1048012200,N/A,4187827200,19860000,0,79360000,86.142,16.7331,12.9974,438.6139,
300453.SZ,三鑫医疗,2015-07-23,26.3144,26.2396,28.9474,25.8058,28.9474,3247621,179113035,2.6329,10.0057,55.1521,16.3526,1152873000,N/A,4606848000,19860000,0,79360000,94.7611,18.4074,14.2979,482.5002,
300453.SZ,三鑫医疗,2015-07-24,28.9474,29.4311,31.1664,27.6309,28.1695,5029058,298757775.5,-0.7779,-2.6873,59.4063,25.3225,1121891400,N/A,4483046400,19860000,0,79360000,92.2146,17.9127,13.9137,469.5338,
300453.SZ,三鑫医疗,2015-07-27,28.1695,27.0674,30.3087,25.352,25.3869,4022646,227171803,-2.7825,-9.8779,56.4732,20.255,1011072600,N/A,4040217600,19860000,0,79360000,83.1057,16.1433,12.5393,423.1539,
300453.SZ,三鑫医疗,2015-07-28,25.3869,24.1901,27.1771,22.9884,25.6811,4027039,203564348.6,0.2942,1.1589,50.5494,20.2771,1022790000,N/A,4087040000,19860000,0,79360000,84.0689,16.3304,12.6846,428.0579,
300453.SZ,三鑫医疗,2015-07-29,25.6811,26.4241,28.2492,23.9408,28.2492,3937027,206068834.6,2.5681,10,52.3412,19.8239,1125069000,N/A,4495744000,19860000,0,79360000,92.4757,17.9634,13.9531,470.8636,
300453.SZ,三鑫医疗,2015-07-30,28.2492,27.8753,29.9198,27.4265,27.5262,5078888,290876071.7,-0.7231,-2.5596,57.2716,25.5735,1096272000,N/A,4380672000,19860000,0,79360000,90.1088,17.5036,13.5959,458.8116,
300453.SZ,三鑫医疗,2015-07-31,27.5262,26.6785,29.471,26.2297,28.1246,3857191,215039314.8,0.5984,2.1739,55.7502,19.4219,1120104000,N/A,4475904000,19860000,0,79360000,92.0676,17.8841,13.8915,468.7857,
300453.SZ,三鑫医疗,2015-08-03,28.1246,26.9777,29.1219,25.6313,26.9328,3333419,182364341.9,-1.1918,-4.2376,54.7079,16.7846,1072638600,N/A,4286233600,19860000,0,79360000,88.1662,17.1263,13.3028,448.9205,
300453.SZ,三鑫医疗,2015-08-04,26.9328,26.9278,29.5857,25.1825,29.5707,4924708,270037623.2,2.6379,9.7945,54.8332,24.7971,1177698000,N/A,4706048000,19860000,0,79360000,96.8016,18.8037,14.6058,492.8899,
300453.SZ,三鑫医疗,2015-08-05,29.5707,28.8875,31.1664,28.4587,29.9248,5336985,317957975.7,0.3541,1.1973,59.5763,26.873,1191798600,N/A,4762393600,19860000,0,79360000,97.9606,19.0289,14.7806,498.7913,
300453.SZ,三鑫医疗,2015-08-06,29.9248,28.5734,29.5458,27.7855,28.4238,3211596,185760224.3,-1.501,-5.0158,57.8405,16.1712,1132020000,N/A,4523520000,19860000,0,79360000,93.0471,18.0744,14.0393,473.7728,
300453.SZ,三鑫医疗,2015-08-07,28.4238,28.2492,30.8523,28.2243,30.7924,4187701,247845504,2.3686,8.3333,59.1841,21.0861,1226355000,N/A,4900480000,19860000,0,79360000,100.801,19.5806,15.2092,513.2538,
300453.SZ,三鑫医疗,2015-08-10,30.7924,31.2163,33.0115,30.2938,33.0115,3987201,252590358.8,2.219,7.2065,63.3503,20.0765,1314732000,N/A,5253632000,19860000,0,79360000,108.0652,20.9917,16.3053,550.2414,
300453.SZ,三鑫医疗,2015-08-11,33.0115,32.4131,33.3356,31.5654,31.9094,4097282,264899253.7,-1.102,-3.3384,64.6524,20.6308,1270841400,N/A,5078246400,19860000,0,79360000,104.4576,20.2909,15.7609,531.8723,
300453.SZ,三鑫医疗,2015-08-12,31.9094,31.4158,32.2435,30.0594,31.6003,2626807,164283716.2,-0.3092,-0.9689,62.5412,13.2266,1258528200,N/A,5029043200,19860000,0,79360000,103.4455,20.0943,15.6082,526.719,
300453.SZ,三鑫医疗,2015-08-13,31.6003,30.9171,32.0341,30.3237,32.0341,2196487,137641614.3,0.4338,1.3729,62.6644,11.0599,1275806400,N/A,5098086400,19860000,0,79360000,104.8657,20.3702,15.8225,533.9503,
300453.SZ,三鑫医疗,2015-08-14,32.0341,32.1139,32.1638,31.1764,31.6601,1998456,127016195.7,-0.374,-1.1675,63.5572,10.0627,1260911400,N/A,5038566400,19860000,0,79360000,103.6414,20.1323,15.6378,527.7164,
300453.SZ,三鑫医疗,2015-08-17,31.6601,31.316,31.316,29.6006,31.2412,2243727,136449899.6,-0.4189,-1.323,60.8139,11.2977,1244229000,N/A,4971904000,19860000,0,79360000,102.2702,19.866,15.4309,520.7345,
300453.SZ,三鑫医疗,2015-08-18,31.2412,30.7176,30.9171,28.1196,28.1196,1858250,109855352,-3.1216,-9.992,59.1176,9.3567,1119905400,N/A,4475110400,19860000,0,79360000,92.0513,17.881,13.889,468.7026,
300453.SZ,三鑫医疗,2015-08-19,28.1196,26.9278,28.4238,25.3071,27.9251,2483075,131810818.4,-0.1945,-0.6916,53.0837,12.5029,1112160000,N/A,4444160000,19860000,0,79360000,91.4147,17.7573,13.793,465.461,
300453.SZ,三鑫医疗,2015-08-20,27.9251,27.1372,27.9899,25.8307,27.5761,2924236,159729109,-0.3491,-1.25,54.6225,14.7242,1098258000,N/A,4388608000,19860000,0,79360000,90.272,17.5353,13.6206,459.6427,
300453.SZ,三鑫医疗,2015-08-21,27.5761,26.4291,27.1672,25.4069,25.4567,1196329,63087040.3,-2.1193,-7.6854,52.7339,6.0238,1013853000,N/A,4051328000,19860000,0,79360000,83.3343,16.1877,12.5738,424.3176,
300453.SZ,三鑫医疗,2015-08-24,25.4567,23.4372,24.9481,22.9136,22.9136,1308500,60563341,-2.5432,-9.9902,46.2846,6.5886,912567000,N/A,3646592000,19860000,0,79360000,75.009,14.5705,11.3176,381.9274,
300453.SZ,三鑫医疗,2015-08-25,22.9136,20.6446,22.8388,20.6247,20.6247,5543062,235970863,-2.2889,-9.9891,42.5705,27.9107,821409600,N/A,3282329600,19860000,0,79360000,67.5163,13.115,10.1871,343.7762,
300453.SZ,三鑫医疗,2015-08-26,20.6247,20.9438,22.5296,19.4479,19.5974,4389668,184398328.7,-1.0272,-4.9807,42.0074,22.1031,780498000,N/A,3118848000,19860000,0,79360000,64.1535,12.4618,9.6797,326.6539,
300453.SZ,三鑫医疗,2015-08-27,19.5974,20.0612,20.9937,18.3907,20.0462,3197187,126506200.1,0.4488,2.2901,39.568,16.0986,798372000,N/A,3190272000,19860000,0,79360000,65.6227,12.7472,9.9014,334.1345,
300453.SZ,三鑫医疗,2015-08-28,20.0462,20.4452,21.4425,19.7022,21.3428,3314910,136476540.9,1.2965,6.4677,41.1705,16.6914,850008000,N/A,3396608000,19860000,0,79360000,69.8669,13.5717,10.5418,355.7452,
300453.SZ,三鑫医疗,2015-08-31,21.3428,20.9438,20.9438,19.2085,19.2085,2203117,88580439.9,-2.1343,-10,40.2069,11.0932,765007200,N/A,3056947200,19860000,0,79360000,62.8802,12.2145,9.4876,320.1707,
300453.SZ,三鑫医疗,2015-09-01,19.2085,18.4555,18.6999,17.2886,17.2886,2296166,81674397.1,-1.9199,-9.9948,35.5699,11.5618,688546200,N/A,2751411200,19860000,0,79360000,56.5955,10.9937,8.5393,288.1702,
300453.SZ,三鑫医疗,2015-09-02,17.2886,16.1816,18.8395,15.7927,16.6553,2441082,84960327.9,-0.6333,-3.6631,34.8044,12.2915,663324000,N/A,2650624000,19860000,0,79360000,54.5223,10.591,8.2265,277.6142,
300453.SZ,三鑫医疗,2015-09-07,16.6553,17.2039,17.9519,16.9545,17.3086,1404598,49339538.1,0.6532,3.9222,35.1272,7.0725,689340600,N/A,2754585600,19860000,0,79360000,56.6608,11.0064,8.5492,288.5027,
300453.SZ,三鑫医疗,2015-09-08,17.3086,17.3036,19.0389,16.9645,18.9442,2200741,80278700.3,1.6356,9.4497,36.478,11.0813,754481400,N/A,3014886400,19860000,0,79360000,62.0151,12.0464,9.3571,315.7654,
300453.SZ,三鑫医疗,2015-09-09,18.9442,19.0838,19.9714,18.8993,19.8368,2393299,93912821.2,0.8926,4.7118,39.2399,12.0509,790030800,N/A,3156940800,19860000,0,79360000,64.9371,12.614,9.7979,330.6435,
300453.SZ,三鑫医疗,2015-09-10,19.8368,19.3531,20.2357,19.2035,19.6224,1822559,72291115.1,-0.2144,-1.0809,39.6646,9.177,781491000,N/A,3122816000,19860000,0,79360000,64.2351,12.4777,9.692,327.0695,
300453.SZ,三鑫医疗,2015-09-11,19.6224,19.4528,20.2457,19.3082,19.9016,1501640,59585357.5,0.2793,1.4231,39.6802,7.5611,792612600,N/A,3167257600,19860000,0,79360000,65.1493,12.6553,9.83,331.7241,
300453.SZ,三鑫医疗,2015-09-14,19.9016,19.9216,19.9216,17.912,17.912,1755286,65790876.8,-1.9897,-9.9975,37.4816,8.8383,713371200,N/A,2850611200,19860000,0,79360000,58.636,11.39,8.8472,298.56,
300453.SZ,三鑫医疗,2015-09-15,17.912,17.2039,17.8322,16.2963,16.406,1577378,53796078.9,-1.506,-8.4076,34.1047,7.9425,653394000,N/A,2610944000,19860000,0,79360000,53.7061,10.4324,8.1034,273.4583,
300453.SZ,三鑫医疗,2015-09-16,16.406,16.7202,18.0466,16.4559,18.0466,1589637,55119487.4,1.6406,10,34.6743,8.0042,718733400,N/A,2872038400,19860000,0,79360000,59.0767,11.4757,8.9137,300.8042,
300453.SZ,三鑫医疗,2015-09-17,18.0466,18.0466,18.9492,17.6527,17.8023,1689504,62068563,-0.2443,-1.354,36.7377,8.5071,709002000,N/A,2833152000,19860000,0,79360000,58.2769,11.3203,8.793,296.7314,
300453.SZ,三鑫医疗,2015-09-18,17.8023,17.8521,18.5503,17.4931,18.3907,1340539,48741916.5,0.5884,3.3053,36.3599,6.7499,732436800,N/A,2926796800,19860000,0,79360000,60.2031,11.6945,9.0837,306.5393,
300453.SZ,三鑫医疗,2015-09-21,18.3907,17.9519,20.2308,17.7524,20.2308,3220877,126709518.4,1.8401,10.0054,39.3401,16.2179,805720200,N/A,3219635200,19860000,0,79360000,66.2267,12.8645,9.9925,337.2099,
300453.SZ,三鑫医疗,2015-09-22,20.2308,20.7444,21.243,19.9515,20.6895,3741358,154619392.5,0.4588,2.2677,41.3271,18.8387,823991400,N/A,3292646400,19860000,0,79360000,67.7285,13.1563,10.2191,344.8567,
300453.SZ,三鑫医疗,2015-09-23,20.6895,20.141,20.9389,19.9714,20.4851,2507092,103137572.2,-0.2045,-0.9882,41.1383,12.6238,815848800,N/A,3260108800,19860000,0,79360000,67.0592,13.0263,10.1181,341.4489,
300453.SZ,三鑫医疗,2015-09-24,20.4851,20.6446,21.1034,20.3704,20.7444,2257222,93803036.1,0.2593,1.2658,41.5569,11.3657,826176000,N/A,3301376000,19860000,0,79360000,67.9081,13.1911,10.2462,345.771,
300453.SZ,三鑫医疗,2015-09-25,20.7444,20.6945,21.1333,19.3731,19.4528,2335206,95094590.2,-1.2915,-6.226,40.7221,11.7583,774738600,N/A,3095833600,19860000,0,79360000,63.6801,12.3699,9.6083,324.2434,
300453.SZ,三鑫医疗,2015-09-28,19.4528,19.5925,20.9887,19.1187,20.8441,2033711,82179940.4,1.3913,7.152,40.4089,10.2402,830148000,N/A,3317248000,19860000,0,79360000,68.2345,13.2546,10.2955,347.4334,
300453.SZ,三鑫医疗,2015-09-29,20.8441,20.4452,20.7394,19.8867,20.3953,1673511,68309527.5,-0.4488,-2.1531,40.8181,8.4265,812274000,N/A,3245824000,19860000,0,79360000,66.7654,12.9692,10.0738,339.9528,
300453.SZ,三鑫医疗,2015-09-30,20.3953,20.5698,20.6646,19.762,20.126,1038659,42109246.3,-0.2693,-1.3203,40.5419,5.2299,801549600,N/A,3202969600,19860000,0,79360000,65.8839,12.7979,9.9408,335.4644,
300453.SZ,三鑫医疗,2015-10-08,20.126,21.3328,21.5821,20.6147,21.0186,1927422,81768349.7,0.8926,4.4351,42.4237,9.705,837099000,N/A,3345024000,19860000,0,79360000,68.8059,13.3655,10.3817,350.3425,
300453.SZ,三鑫医疗,2015-10-09,21.0186,21.0934,21.3727,20.869,21.1982,1490576,63131172,0.1795,0.8541,42.3535,7.5054,844248600,N/A,3373593600,19860000,0,79360000,69.3935,13.4797,10.4703,353.3347,
300453.SZ,三鑫医疗,2015-10-12,21.1982,21.4425,22.759,21.3777,22.4498,2521200,112179532.2,1.2516,5.9045,44.4945,12.6949,894097200,N/A,3572787200,19860000,0,79360000,73.4909,14.2756,11.0886,374.1974,
300453.SZ,三鑫医疗,2015-10-13,22.4498,22.1456,22.5844,22.1157,22.5645,1760083,79049587.8,0.1147,0.5109,44.9124,8.8625,898665000,N/A,3591040000,19860000,0,79360000,73.8663,14.3485,11.1452,376.1091,
300453.SZ,三鑫医疗,2015-10-14,22.5645,22.6193,23.4621,22.2952,22.5745,2323612,106746457.2,0.01,0.0442,45.9399,11.7,899062200,N/A,3592627200,19860000,0,79360000,73.899,14.3549,11.1501,376.2753,
300453.SZ,三鑫医疗,2015-10-15,22.5745,22.4398,24.8334,22.1905,24.8334,3411407,161558463.4,2.2589,10.0066,47.3583,17.1773,989028000,N/A,3952128000,19860000,0,79360000,81.2938,15.7913,12.2659,413.9278,
300453.SZ,三鑫医疗,2015-10-16,24.8334,25.0379,25.5315,24.8284,25.2373,2982028,149913332.6,0.4039,1.6265,50.2723,15.0152,1005114600,N/A,4016409600,19860000,0,79360000,82.616,16.0482,12.4654,420.6604,
300453.SZ,三鑫医疗,2015-10-19,25.2373,24.9232,25.0977,24.24,24.4345,2144634,105935223.4,-0.8028,-3.1812,49.3955,10.7988,973140000,N/A,3888640000,19860000,0,79360000,79.9878,15.5376,12.0689,407.2784,
300453.SZ,三鑫医疗,2015-10-20,24.4345,24.6788,25.1825,24.4345,25.1176,1791858,89415109.6,0.6832,2.7959,49.9008,9.0224,1000348200,N/A,3997363200,19860000,0,79360000,82.2242,15.9721,12.4063,418.6655,
300453.SZ,三鑫医疗,2015-10-21,25.1176,24.9331,25.3321,22.6044,22.6044,2860064,137589638.9,-2.5133,-10.006,48.1072,14.4011,900253800,N/A,3597388800,19860000,0,79360000,73.9969,14.3739,11.1649,376.774,
300453.SZ,三鑫医疗,2015-10-22,22.6044,22.744,24.8633,22.744,24.8633,4977565,244809252,2.2589,9.9934,49.1825,25.0633,990219600,N/A,3956889600,19860000,0,79360000,81.3917,15.8103,12.2807,414.4265,
300453.SZ,三鑫医疗,2015-10-23,24.8633,27.3517,27.3517,27.3517,27.3517,1177649,64594047.7,2.4883,10.008,54.85,5.9298,1089321000,N/A,4352896000,19860000,0,79360000,89.5374,17.3926,13.5097,455.9024,
300453.SZ,三鑫医疗,2015-10-26,27.3517,28.9175,29.9198,27.3517,29.9098,6810528,392624859.7,2.5581,9.3528,57.6497,34.2927,1191202800,N/A,4760012800,19860000,0,79360000,97.9117,19.0193,14.7733,498.542,
300453.SZ,三鑫医疗,2015-10-27,29.9098,28.3639,31.715,27.4165,30.6179,5734758,338988790.5,0.7081,2.3675,59.1113,28.8759,1219404000,N/A,4872704000,19860000,0,79360000,100.2297,19.4696,15.123,510.3447,
300453.SZ,三鑫医疗,2015-10-28,30.6179,30.0943,32.453,28.9224,30.1192,4988999,306754149.5,-0.4987,-1.6287,61.4861,25.1208,1199544000,N/A,4793344000,19860000,0,79360000,98.5973,19.1525,14.8767,502.0329,
300453.SZ,三鑫医疗,2015-10-29,30.1192,30.1691,30.957,29.1768,30.219,3222663,194665104.1,0.0997,0.3311,60.405,16.2269,1203516000,N/A,4809216000,19860000,0,79360000,98.9237,19.2159,14.926,503.6953,
300453.SZ,三鑫医疗,2015-10-30,30.219,29.9646,30.6428,28.3689,29.471,3195718,189209366.7,-0.748,-2.4752,59.2072,16.0912,1173726000,N/A,4690176000,19860000,0,79360000,96.4751,18.7403,14.5565,491.2276,
300453.SZ,三鑫医疗,2015-11-02,29.471,28.4886,32.4131,27.975,30.3037,3290015,203442702.8,0.8328,2.8257,61.8364,16.566,1206892200,N/A,4822707200,19860000,0,79360000,99.2013,19.2698,14.9678,505.1083,
300453.SZ,三鑫医疗,2015-11-03,30.3037,30.4633,33.0863,30.4633,31.9144,3862781,245444770.6,1.6107,5.3151,63.5409,19.4501,1271040000,N/A,5079040000,19860000,0,79360000,104.4739,20.2941,15.7634,531.9554,
300453.SZ,三鑫医疗,2015-11-04,31.9144,31.4407,34.1584,31.2163,33.7296,3627368,238458816.6,1.8151,5.6875,65.7388,18.2647,1343330400,N/A,5367910400,19860000,0,79360000,110.4159,21.4483,16.6599,562.2104,
300453.SZ,三鑫医疗,2015-11-05,33.7296,33.565,36.3176,33.3107,33.8143,3822238,265171650.8,0.0848,0.2513,69.376,19.2459,1346706600,N/A,5381401600,19860000,0,79360000,110.6934,21.5022,16.7018,563.6234,
300453.SZ,三鑫医疗,2015-11-06,33.8143,33.949,35.435,33.949,34.9114,2681281,187158968.9,1.0971,3.2444,69.8021,13.5009,1390398600,N/A,5555993600,19860000,0,79360000,114.2847,22.1998,17.2437,581.9094,
300453.SZ,三鑫医疗,2015-11-09,34.9114,34.3978,37.0806,33.57,36.4024,3117761,222024487.3,1.491,4.2708,71.2128,15.6987,1449780000,N/A,5793280000,19860000,0,79360000,119.1656,23.1479,17.9801,606.7617,
300453.SZ,三鑫医疗,2015-11-10,36.4024,35.9037,37.0307,34.9363,36.1082,2278235,164807150.6,-0.2942,-0.8082,72.3398,11.4715,1438062600,N/A,5746457600,19860000,0,79360000,118.2025,22.9608,17.8348,601.8577,
300453.SZ,三鑫医疗,2015-11-11,36.1082,35.9037,39.7185,35.41,39.7185,3362358,257315341.2,3.6103,9.9986,76.5282,16.9303,1581849000,N/A,6321024000,19860000,0,79360000,130.0211,25.2566,19.618,662.0352,
300453.SZ,三鑫医疗,2015-11-12,39.7185,40.6909,42.885,39.0553,41.0898,3698028,301554589.4,1.3713,3.4526,81.5447,18.6205,1636464000,N/A,6539264000,19860000,0,79360000,134.5102,26.1286,20.2954,684.8926,
300453.SZ,三鑫医疗,2015-11-13,41.0898,39.893,40.656,36.9808,36.9808,3819363,290195718.9,-4.109,-10,75.9801,19.2314,1472817600,N/A,5885337600,19860000,0,79360000,121.0592,23.5157,18.2658,616.4033,
300453.SZ,三鑫医疗,2015-11-16,36.9808,35.1557,36.5869,34.9164,36.2927,2570246,184775853.8,-0.6882,-1.8608,71.8903,12.9418,1445410800,N/A,5775820800,19860000,0,79360000,118.8064,23.0782,17.9259,604.933,
300453.SZ,三鑫医疗,2015-11-17,36.2927,36.9509,37.3897,33.2857,34.5573,2465056,177826264.5,-1.7353,-4.7815,72.1388,12.4122,1376298000,N/A,5499648000,19860000,0,79360000,113.1257,21.9747,17.0688,576.008,
300453.SZ,三鑫医疗,2015-11-18,34.5573,34.7069,35.8938,33.4403,33.9041,1703787,117696346.3,-0.6532,-1.8903,69.0793,8.579,1350281400,N/A,5395686400,19860000,0,79360000,110.9872,21.5593,16.7461,565.1195,
300453.SZ,三鑫医疗,2015-11-19,33.9041,34.3978,37.295,34.1634,37.295,2761072,198853328.8,3.3909,10.0015,72.0203,13.9027,1485329400,N/A,5935334400,19860000,0,79360000,122.0876,23.7155,18.421,621.6398,
300453.SZ,三鑫医疗,2015-11-20,37.295,37.4496,39.145,36.6517,38.038,2746775,207432891.1,0.743,1.9922,75.5187,13.8307,1514920800,N/A,6053580800,19860000,0,79360000,124.5199,24.188,18.788,634.0244,
300453.SZ,三鑫医疗,2015-11-23,38.038,37.4945,39.3944,36.2578,36.6517,2168895,164429414.5,-1.3863,-3.6445,75.8125,10.9209,1459710000,N/A,5832960000,19860000,0,79360000,119.9818,23.3065,18.1033,610.9175,
300453.SZ,三鑫医疗,2015-11-24,36.6517,36.906,40.3169,36.4024,40.3169,3252630,254449475.4,3.6652,10,78.2288,16.3778,1605681000,N/A,6416256000,19860000,0,79360000,131.98,25.6371,19.9136,672.0093,
300453.SZ,三鑫医疗,2015-11-25,40.3169,40.2969,42.7853,39.898,40.8205,3459791,286030782.8,0.5036,1.2492,82.6729,17.4209,1625739600,N/A,6496409600,19860000,0,79360000,133.6287,25.9574,20.1624,680.4042,
300453.SZ,三鑫医疗,2015-11-26,40.8205,40.5912,42.3215,39.4243,40.0476,2416483,198022642.8,-0.7729,-1.8935,81.9466,12.1676,1594956600,N/A,6373401600,19860000,0,79360000,131.0985,25.4659,19.7806,667.5209,
300453.SZ,三鑫医疗,2015-11-27,40.0476,39.2448,41.04,36.6517,38.3472,2718265,212472365.9,-1.7004,-4.246,78.1647,13.6871,1527234000,N/A,6102784000,19860000,0,79360000,125.532,24.3846,18.9407,639.1777,
300453.SZ,三鑫医疗,2015-11-30,38.3472,38.6962,41.0749,37.5493,40.9801,3615805,289553245.4,2.6329,6.8661,80.0799,18.2065,1632094800,N/A,6521804800,19860000,0,79360000,134.1511,26.0588,20.2412,683.064,
300453.SZ,三鑫医疗,2015-12-01,40.9801,40.8854,40.9402,36.8811,37.5493,2906620,228462435.5,-3.4308,-8.3719,78.6007,14.6355,1495458000,N/A,5975808000,19860000,0,79360000,122.9201,23.8772,18.5466,625.8788,
300453.SZ,三鑫医疗,2015-12-02,37.5493,36.552,37.6092,33.8093,37.5742,2547723,183704507.2,0.0249,0.0664,72.1054,12.8284,1496451000,N/A,5979776000,19860000,0,79360000,123.0017,23.8931,18.5589,626.2944,
300453.SZ,三鑫医疗,2015-12-03,37.5742,36.8961,40.1174,36.8911,39.7933,2158866,168013299.1,2.219,5.9058,77.8248,10.8704,1584828000,N/A,6332928000,19860000,0,79360000,130.2659,25.3042,19.655,663.2819,
300453.SZ,三鑫医疗,2015-12-04,39.7933,39.7783,41.4139,38.8957,40.4914,2566398,206063926.7,0.6981,1.7544,80.2931,12.9224,1612632000,N/A,6444032000,19860000,0,79360000,132.5513,25.7481,19.9998,674.9184,
300453.SZ,三鑫医疗,2015-12-07,40.4914,40.646,40.9402,39.2348,40.7757,1970792,159025309.6,0.2842,0.702,80.6911,9.9234,1623952200,N/A,6489267200,19860000,0,79360000,133.4818,25.9288,20.1402,679.6561,
300453.SZ,三鑫医疗,2015-12-08,40.7757,40.4914,43.3787,40.1424,41.0898,2612665,219449886.4,0.3142,0.7705,83.9947,13.1554,1636464000,N/A,6539264000,19860000,0,79360000,134.5102,26.1286,20.2954,684.8926,
300453.SZ,三鑫医疗,2015-12-09,41.0898,40.7956,41.2394,38.2973,38.7561,1877261,148508078.9,-2.3337,-5.6796,79.1089,9.4525,1543519200,N/A,6167859200,19860000,0,79360000,126.8705,24.6446,19.1427,645.9933,
300453.SZ,三鑫医疗,2015-12-10,38.7561,38.3721,39.1949,37.1853,37.7986,1168420,89389790.8,-0.9574,-2.4704,76.5048,5.8833,1505388000,N/A,6015488000,19860000,0,79360000,123.7363,24.0358,18.6698,630.0347,
300453.SZ,三鑫医疗,2015-12-11,37.7986,37.649,38.8807,37.4994,37.5742,761380,58146882.8,-0.2244,-0.5937,76.3704,3.8337,1496451000,N/A,5979776000,19860000,0,79360000,123.0017,23.8931,18.5589,626.2944,
300453.SZ,三鑫医疗,2015-12-14,37.5742,36.8961,38.6464,36.4074,38.6464,889096,67404614,1.0721,2.8534,75.8125,4.4768,1539150000,N/A,6150400000,19860000,0,79360000,126.5114,24.5748,19.0885,644.1647,
300453.SZ,三鑫医疗,2015-12-15,38.6464,38.6364,39.519,37.3548,37.7488,2075637,158494912,-0.8976,-2.3226,76.3596,10.4513,1503402000,N/A,6007552000,19860000,0,79360000,123.5731,24.0041,18.6451,629.2035,
300453.SZ,三鑫医疗,2015-12-16,37.7488,37.8485,39.145,37.7488,38.043,1415592,108944763.6,0.2942,0.7794,76.9606,7.1279,1515119400,N/A,6054374400,19860000,0,79360000,124.5362,24.1912,18.7905,634.1075,
300453.SZ,三鑫医疗,2015-12-17,38.043,38.397,39.7434,38.2425,39.5839,2350847,182699705.1,1.5409,4.0503,77.7165,11.8371,1576486800,N/A,6299596800,19860000,0,79360000,129.5803,25.171,19.5515,659.791,
300453.SZ,三鑫医疗,2015-12-18,39.5839,39.2448,39.4542,37.9133,38.2774,1488143,115136289.1,-1.3065,-3.3006,77.3691,7.4932,1524453600,N/A,6091673600,19860000,0,79360000,125.3034,24.3402,18.9062,638.014,
300453.SZ,三鑫医疗,2015-12-21,38.2774,38.2474,38.2973,36.911,37.9333,1008332,76157678.7,-0.3441,-0.8989,75.5284,5.0772,1510750200,N/A,6036915200,19860000,0,79360000,124.1771,24.1214,18.7363,632.2789,
300453.SZ,三鑫医疗,2015-12-22,37.9333,37.8385,38.397,37.7039,38.0879,835740,63867756.1,0.1546,0.4075,76.4206,4.2082,1516906800,N/A,6061516800,19860000,0,79360000,124.6831,24.2197,18.8126,634.8555,
300453.SZ,三鑫医疗,2015-12-23,38.0879,38.0879,39.145,37.6989,38.6763,1576488,121575606.1,0.5884,1.5449,77.118,7.938,1540341600,N/A,6155161600,19860000,0,79360000,126.6093,24.5939,19.1033,644.6635,
300453.SZ,三鑫医疗,2015-12-24,38.6763,38.8359,40.1922,38.422,39.6936,2631726,208267389.8,1.0173,2.6302,79.1372,13.2514,1580856000,N/A,6317056000,19860000,0,79360000,129.9394,25.2407,19.6057,661.6196,
300453.SZ,三鑫医疗,2015-12-25,39.6936,39.7833,40.636,38.1477,38.3621,2239750,176656445.6,-1.3314,-3.3543,78.8733,11.2777,1527829800,N/A,6105164800,19860000,0,79360000,125.5809,24.3941,18.9481,639.427,
300453.SZ,三鑫医疗,2015-12-28,38.3621,38.023,38.0729,34.6621,35.1059,2652977,195096389.5,-3.2563,-8.4882,73.5387,13.3584,1398144000,N/A,5586944000,19860000,0,79360000,114.9213,22.3235,17.3397,585.1509,
300453.SZ,三鑫医疗,2015-12-29,35.1059,35.1059,35.6943,34.7568,35.5098,1010585,71589036.1,0.4039,1.1506,70.8392,5.0885,1414230600,N/A,5651225600,19860000,0,79360000,116.2436,22.5803,17.5392,591.8835,
300453.SZ,三鑫医疗,2015-12-30,35.5098,35.8888,35.8888,34.9513,35.2455,888232,62750818,-0.2643,-0.7443,70.6469,4.4725,1403704800,N/A,5609164800,19860000,0,79360000,115.3784,22.4123,17.4087,587.4783,
300453.SZ,三鑫医疗,2015-12-31,35.2455,35.3951,36.6517,33.949,34.1983,1129282,78927427.5,-1.0472,-2.9711,69.8917,5.6863,1361978226,N/A,5442508800,19859700,0,79360000,111.9503,21.7464,16.8915,570.0234,
300453.SZ,三鑫医疗,2016-01-04,34.1983,34.3579,34.3579,30.7775,30.7825,1101592,71061321.6,-3.4158,-9.9883,64.5078,5.5469,1225939281,N/A,4898892800,19859700,0,79360000,94.4339,9.2106,15.7092,33.7715,
300453.SZ,三鑫医疗,2016-01-05,30.7825,29.1967,30.8423,28.1246,30.0694,1272801,76052791.1,-0.7131,-2.3165,59.7523,6.409,1197539910,N/A,4785408000,19859700,0,79360000,92.2463,8.9972,15.3453,32.9892,
300453.SZ,三鑫医疗,2016-01-06,30.0694,30.194,32.0142,29.9846,31.6501,1230368,76058651.3,1.5808,5.257,61.8178,6.1953,1260495159,N/A,5036979200,19859700,0,79360000,97.0958,9.4702,16.152,34.7235,
300453.SZ,三鑫医疗,2016-01-07,31.6501,30.4184,30.8174,28.5484,28.5584,424740,24980984,-3.0917,-9.7684,58.8148,2.1387,1137365019,N/A,4544947200,19859700,0,79360000,87.6111,8.5451,14.5742,31.3315,
300453.SZ,三鑫医疗,2016-01-08,28.5584,28.7828,30.3736,26.484,29.9597,1530223,89504503.7,1.4012,4.9066,58.4912,7.7052,1193170776,N/A,4767948800,19859700,0,79360000,91.9098,8.9644,15.2893,32.8688,
300453.SZ,三鑫医疗,2016-01-11,29.9597,28.9723,30.6927,27.4265,28.4238,1512532,88485700.7,-1.5359,-5.1265,58.5017,7.6161,1132002900,N/A,4523520000,19859700,0,79360000,87.198,8.5049,14.5055,31.1838,
300453.SZ,三鑫医疗,2016-01-12,28.4238,28.4238,30.8473,28.2243,30.8323,2700361,161992368,2.4085,8.4737,59.9892,13.5972,1227925251,N/A,4906828800,19859700,0,79360000,94.5869,9.2255,15.7347,33.8262,
300453.SZ,三鑫医疗,2016-01-13,30.8323,30.4184,30.7924,29.5707,29.6704,2009120,121648805.2,-1.1619,-3.7684,60.5483,10.1166,1181652150,N/A,4721920000,19859700,0,79360000,91.0225,8.8779,15.1417,32.5515,
300453.SZ,三鑫医疗,2016-01-14,29.6704,28.4138,31.5903,26.9278,31.1166,2205793,130434835.7,1.4461,4.8739,59.1329,11.1069,1239245280,N/A,4952064000,19859700,0,79360000,95.4589,9.3106,15.8797,34.1381,
300453.SZ,三鑫医疗,2016-01-15,31.1166,30.4234,30.8922,28.4238,28.6731,1972444,118282210.3,-2.4434,-7.8526,59.9673,9.9319,1141932750,N/A,4563200000,19859700,0,79360000,87.9629,8.5795,14.6328,31.4574,
300453.SZ,三鑫医疗,2016-01-18,28.6731,28.4238,29.7652,27.8254,29.082,1388381,80909053.1,0.4089,1.4261,58.2758,6.9909,1158217704,N/A,4628275200,19859700,0,79360000,89.2174,8.7018,14.8414,31.906,
300453.SZ,三鑫医疗,2016-01-19,29.082,28.9274,30.1591,28.5086,30.0394,1496344,88081756.1,0.9574,3.2922,58.8646,7.5346,1196348328,N/A,4780646400,19859700,0,79360000,92.1546,8.9883,15.33,32.9564,
300453.SZ,三鑫医疗,2016-01-20,30.0394,29.7652,31.331,29.4411,31.0817,2222797,136544923,1.0422,3.4695,61.4293,11.1925,1237855101,N/A,4946508800,19859700,0,79360000,95.3518,9.3001,15.8619,34.0998,
300453.SZ,三鑫医疗,2016-01-21,31.0817,30.4184,31.1614,28.7728,28.7728,1783792,108112191.3,-2.3088,-7.4282,60.6081,8.982,1145904690,N/A,4579072000,19859700,0,79360000,88.2689,8.6093,14.6837,31.5668,
300453.SZ,三鑫医疗,2016-01-22,28.7728,29.1718,29.6405,28.0249,29.2715,1148468,66392797.6,0.4987,1.7331,57.8099,5.7829,1165764390,N/A,4658432000,19859700,0,79360000,89.7987,8.7585,14.9381,32.1139,
300453.SZ,三鑫医疗,2016-01-25,29.2715,29.6206,30.0444,29.1718,29.5208,958931,57107102.2,0.2493,0.8518,59.5529,4.8285,1175694240,N/A,4698112000,19859700,0,79360000,90.5636,8.8331,15.0654,32.3874,
300453.SZ,三鑫医疗,2016-01-26,29.5208,28.5734,29.1618,26.5688,26.5688,1283777,71981614.5,-2.9521,-10,56.0702,6.4642,1058124816,N/A,4228300800,19859700,0,79360000,81.5072,7.9498,13.5588,29.1487,
300453.SZ,三鑫医疗,2016-01-27,26.5688,26.5688,26.8979,23.9607,25.731,1345149,67913758.2,-0.8378,-3.1532,50.4879,6.7733,1024760520,N/A,4094976000,19859700,0,79360000,78.9372,7.6991,13.1313,28.2296,
300453.SZ,三鑫医疗,2016-01-28,25.731,25.1825,25.2174,23.1579,23.1579,893416,43176137.8,-2.5731,-10,48.327,4.4986,922284468,N/A,3685478400,19859700,0,79360000,71.0435,6.9292,11.8182,25.4066,
300453.SZ,三鑫医疗,2016-01-29,23.1579,22.9884,24.7337,22.7141,24.4145,1268743,60916196.9,1.2566,5.4264,48.013,6.3885,972330912,N/A,3885465600,19859700,0,79360000,74.8985,7.3052,12.4595,26.7853,
300453.SZ,三鑫医疗,2016-02-01,24.4145,24.1353,24.6539,23.2377,24.1153,724797,34958884.8,-0.2992,-1.2255,48.2327,3.6496,960415092,N/A,3837849600,19859700,0,79360000,73.9806,7.2157,12.3068,26.457,
300453.SZ,三鑫医疗,2016-02-02,24.1153,24.1353,25.3221,24.1153,24.983,845479,42210404.2,0.8677,3.598,49.9248,4.2573,994970970,N/A,3975936000,19859700,0,79360000,76.6425,7.4753,12.7496,27.4089,
300453.SZ,三鑫医疗,2016-02-03,24.983,24.4594,24.9032,24.2749,24.8035,622392,30653149.5,-0.1795,-0.7186,49.2506,3.1339,987821478,N/A,3947366400,19859700,0,79360000,76.0918,7.4216,12.658,27.212,
300453.SZ,三鑫医疗,2016-02-04,24.8035,24.8135,26.105,24.8085,25.726,911837,46774184.4,0.9225,3.7193,51.2967,4.5914,1024561923,N/A,4094182400,19859700,0,79360000,78.9219,7.6976,13.1288,28.2241,
300453.SZ,三鑫医疗,2016-02-05,25.726,26.0252,26.1648,24.9581,25.1575,724320,37159693.4,-0.5685,-2.2097,51.3029,3.6472,1001921865,N/A,4003712000,19859700,0,79360000,77.1779,7.5275,12.8387,27.6004,
300453.SZ,三鑫医疗,2016-02-15,25.1575,23.881,25.6712,23.6865,25.5216,652306,32804508.7,0.364,1.447,50.2901,3.2846,1016419446,N/A,4061644800,19859700,0,79360000,78.2947,7.6365,13.0244,27.9998,
300453.SZ,三鑫医疗,2016-02-16,25.5216,25.6811,26.863,25.6811,26.6685,1011087,53669873.2,1.1469,4.4939,53.0814,5.0911,1062096756,N/A,4244172800,19859700,0,79360000,81.8132,7.9797,13.6097,29.2581,
300453.SZ,三鑫医疗,2016-02-17,26.6685,26.5139,27.0973,26.2546,26.9577,1002428,53779521.9,0.2892,1.0845,53.6493,5.0475,1073615382,N/A,4290201600,19859700,0,79360000,82.7005,8.0662,13.7573,29.5754,
300453.SZ,三鑫医疗,2016-02-18,26.9577,27.3267,28.4138,27.3018,27.4414,1542902,85846871.5,0.4837,1.7943,55.6399,7.769,1092879291,N/A,4367180800,19859700,0,79360000,84.1843,8.2109,14.0042,30.1061,
300453.SZ,三鑫医疗,2016-02-19,27.4414,27.7057,30.1841,27.5162,30.0594,2729176,161898305.5,2.618,9.5403,59.3213,13.7423,1197142716,N/A,4783820800,19859700,0,79360000,92.2157,8.9943,15.3402,32.9783,
300453.SZ,三鑫医疗,2016-02-22,30.0594,30.0694,31.0966,29.5857,31.0418,2585403,157053521,0.9824,3.2681,60.7462,13.0183,1236266325,N/A,4940160000,19859700,0,79360000,95.2294,9.2882,15.8416,34.056,
300453.SZ,三鑫医疗,2016-02-23,31.0418,30.6927,31.0168,29.5208,30.5431,1664542,101242144.8,-0.4987,-1.6064,60.8228,8.3815,1216406625,N/A,4860800000,19859700,0,79360000,93.6996,9.139,15.5871,33.5089,
300453.SZ,三鑫医疗,2016-02-24,30.5431,30.4882,30.9071,28.2293,28.8726,2266409,132597003.8,-1.6705,-5.4694,58.5053,11.4121,1149876630,N/A,4594944000,19859700,0,79360000,88.5748,8.6392,14.7346,31.6762,
300453.SZ,三鑫医疗,2016-02-25,28.8726,28.4238,28.4238,25.9853,25.9853,2501372,135780148,-2.8873,-10,54.2823,12.5952,1034888967,N/A,4135449600,19859700,0,79360000,79.7174,7.7752,13.2611,28.5086,
300453.SZ,三鑫医疗,2016-02-26,25.9853,25.7111,26.4042,24.6838,24.9631,1251530,63985974.3,-1.0223,-3.934,51.1262,6.3019,994176582,N/A,3972761600,19859700,0,79360000,76.5813,7.4694,12.7394,27.3871,
300453.SZ,三鑫医疗,2016-02-29,24.9631,24.978,25.1426,22.4648,22.4797,1315718,60597845.6,-2.4833,-9.9481,46.0569,6.6251,895275276,N/A,3577548800,19859700,0,79360000,68.9629,6.7263,11.4721,24.6626,
300453.SZ,三鑫医疗,2016-03-01,22.4797,22.6144,23.6017,21.3527,23.128,1185194,53750911.4,0.6483,2.8838,45.352,5.9678,921092886,N/A,3680716800,19859700,0,79360000,70.9517,6.9203,11.8029,25.3738,
300453.SZ,三鑫医疗,2016-03-02,23.128,22.9684,24.8234,22.9285,24.4345,1169752,55713793,1.3065,5.649,47.6287,5.8901,973125300,N/A,3888640000,19859700,0,79360000,74.9597,7.3112,12.4697,26.8071,
300453.SZ,三鑫医疗,2016-03-03,24.4345,24.5841,25.2573,24.23,24.2649,1084964,54037582.5,-0.1695,-0.6939,49.8059,5.4631,966373002,N/A,3861657600,19859700,0,79360000,74.4396,7.2605,12.3831,26.6211,
300453.SZ,三鑫医疗,2016-03-04,24.2649,24.1552,24.3996,21.9312,22.2154,1156472,53762143.7,-2.0495,-8.4464,46.4881,5.8232,884749635,N/A,3535488000,19859700,0,79360000,68.1521,6.6472,11.3372,24.3726,
300453.SZ,三鑫医疗,2016-03-07,22.2154,22.7789,24.4395,22.6144,24.4395,1416060,67474514.9,2.224,10.0112,47.6495,7.1303,973323897,N/A,3889433600,19859700,0,79360000,74.975,7.3127,12.4722,26.8126,
300453.SZ,三鑫医疗,2016-03-08,24.4395,24.1951,25.2672,22.4448,25.0379,1597752,77497395.5,0.5984,2.4485,48.504,8.0452,997155537,N/A,3984665600,19859700,0,79360000,76.8108,7.4917,12.7776,27.4691,
300453.SZ,三鑫医疗,2016-03-09,25.0379,24.4893,25.9205,23.5718,24.235,1302983,64408850.2,-0.8028,-3.2065,49.4318,6.5609,965181420,N/A,3856896000,19859700,0,79360000,74.3478,7.2515,12.3679,26.5883,
300453.SZ,三鑫医疗,2016-03-10,24.235,24.235,24.6639,23.4721,23.5917,888593,42912425.6,-0.6433,-2.6543,48.2926,4.4744,939562407,N/A,3754521600,19859700,0,79360000,72.3744,7.059,12.0396,25.8826,
300453.SZ,三鑫医疗,2016-03-11,23.5917,23.4621,23.9308,23.2676,23.7513,674294,31939766.2,0.1596,0.6764,47.3677,3.3953,945917511,N/A,3779916800,19859700,0,79360000,72.8639,7.1068,12.121,26.0576,
300453.SZ,三鑫医疗,2016-03-14,23.7513,24.0854,25.9055,24.0854,25.2523,1343318,68113132.9,1.501,6.3195,50.7051,6.764,1005695208,N/A,4018790400,19859700,0,79360000,77.4686,7.5559,12.887,27.7044,
300453.SZ,三鑫医疗,2016-03-15,25.2523,24.8833,25.6313,24.8833,25.0329,866233,43822091.5,-0.2194,-0.8689,50.5893,4.3618,996956940,N/A,3983872000,19859700,0,79360000,76.7955,7.4902,12.775,27.4636,
300453.SZ,三鑫医疗,2016-03-16,25.0329,25.6811,25.7809,24.2151,24.6838,1054067,52767415.3,-0.3491,-1.3944,50.0608,5.3076,983055150,N/A,3928320000,19859700,0,79360000,75.7246,7.3858,12.5969,27.0807,
300453.SZ,三鑫医疗,2016-03-17,24.6838,24.7835,26.2047,24.7287,26.0202,1298712,66788276.2,1.3364,5.4141,51.4265,6.5394,1036279146,N/A,4141004800,19859700,0,79360000,79.8244,7.7857,13.2789,28.5469,
300453.SZ,三鑫医疗,2016-03-18,26.0202,26.095,28.2243,25.9305,27.6758,1982795,108198976.7,1.6556,6.3626,54.5689,9.984,1102213350,N/A,4404480000,19859700,0,79360000,84.9033,8.2811,14.1238,30.3632,
300453.SZ,三鑫医疗,2016-03-21,27.6758,28.4238,29.456,27.6758,29.1119,2237022,126938587.3,1.4361,5.1892,56.7445,11.2641,1159409286,N/A,4633036800,19859700,0,79360000,89.3091,8.7108,14.8567,31.9388,
300453.SZ,三鑫医疗,2016-03-22,29.1119,28.698,30.8523,28.6432,30.219,2276960,136297559.9,1.107,3.8027,59.8594,11.4652,1203497820,N/A,4809216000,19859700,0,79360000,92.7053,9.042,15.4217,33.1533,
300453.SZ,三鑫医疗,2016-03-23,30.219,29.8151,31.6651,29.4859,31.5354,2402533,146719451.5,1.3165,4.3564,61.0687,12.0975,1255927428,N/A,5018726400,19859700,0,79360000,96.7439,9.4359,16.0935,34.5976,
300453.SZ,三鑫医疗,2016-03-24,31.5354,31.1664,32.5378,30.6927,30.8223,2884382,182398714.9,-0.7131,-2.2612,63.2367,14.5238,1227528057,N/A,4905241600,19859700,0,79360000,94.5563,9.2226,15.7296,33.8153,
300453.SZ,三鑫医疗,2016-03-25,30.8223,30.8223,30.9321,28.5534,29.8699,2138055,128052206.6,-0.9524,-3.0901,59.8919,10.7658,1189596030,N/A,4753664000,19859700,0,79360000,91.6344,8.9376,15.2435,32.7704,
300453.SZ,三鑫医疗,2016-03-28,29.8699,30.8672,32.3134,30.4733,31.316,2644342,166636684.7,1.4461,4.8414,63.0163,13.3151,1247189160,N/A,4983808000,19859700,0,79360000,96.0708,9.3703,15.9815,34.3569,
300453.SZ,三鑫医疗,2016-03-29,31.316,31.4207,31.7449,29.5258,30.8174,2093950,129040622.4,-0.4987,-1.5924,61.6255,10.5437,1227329460,N/A,4904448000,19859700,0,79360000,94.541,9.2211,15.727,33.8098,
300453.SZ,三鑫医疗,2016-03-30,30.8174,31.2462,33.8991,31.2213,33.8991,2875127,189320545.6,3.0817,10,65.8477,14.4772,1350062406,N/A,5394892800,19859700,0,79360000,103.9951,10.1432,17.2997,37.1908,
300453.SZ,三鑫医疗,2016-03-31,33.8991,36.3425,37.29,35.1557,37.29,8498607,625555446.7,3.3909,10.0029,73.6068,42.7932,1485108366,N/A,5934540800,19859700,0,79360000,114.3977,11.1578,19.0302,40.911,
300453.SZ,三鑫医疗,2016-04-01,37.29,36.5,36.5,33.56,34.51,13814126,479969645.3,-2.78,-7.4551,34.7448,34.7793,1370716494,N/A,5477427200,39719400,0,158720000,105.5861,10.2983,17.5644,37.7598,
300453.SZ,三鑫医疗,2016-04-05,34.51,34.17,35.4,33.51,34.5,9138021,316390701.2,-0.01,-0.029,34.6235,23.0064,1370319300,N/A,5475840000,39719400,0,158720000,105.5555,10.2954,17.5593,37.7488,
300453.SZ,三鑫医疗,2016-04-06,34.5,34.3,35.77,33.75,35.22,8794354,306734778.2,0.72,2.087,34.8786,22.1412,1398917268,N/A,5590118400,39719400,0,158720000,107.7584,10.5102,17.9258,38.5366,
300453.SZ,三鑫医疗,2016-04-07,35.22,35.7,35.7,33,33.02,9377289,317723980.2,-2.2,-6.2465,33.8823,23.6088,1311534588,N/A,5240934400,39719400,0,158720000,101.0273,9.8537,16.806,36.1295,
300453.SZ,三鑫医疗,2016-04-08,33.02,32.3,32.36,30.7,31.47,6204452,195350397.9,-1.55,-4.6941,31.4855,15.6207,1249969518,N/A,4994918400,39719400,0,158720000,96.285,9.3912,16.0171,34.4335,
300453.SZ,三鑫医疗,2016-04-11,31.47,32.02,32.75,31.71,32.47,4736663,152798082.8,1,3.1776,32.2586,11.9253,1289688918,N/A,5153638400,39719400,0,158720000,99.3446,9.6896,16.5261,35.5277,
300453.SZ,三鑫医疗,2016-04-12,32.47,32.32,32.4,29.83,30.63,6115773,188930346.1,-1.84,-5.6668,30.8923,15.3974,1216605222,N/A,4861593600,39719400,0,158720000,93.7149,9.1405,15.5896,33.5144,
300453.SZ,三鑫医疗,2016-04-13,30.63,30.4,31.58,30.4,30.94,5012914,156416771.8,0.31,1.0121,31.2028,12.6208,1228918236,N/A,4910796800,39719400,0,158720000,94.6634,9.233,15.7474,33.8536,
300453.SZ,三鑫医疗,2016-04-14,30.94,31.1,32.1,30.86,31.95,4831818,152536366.7,1.01,3.2644,31.5691,12.1649,1269034830,N/A,5071104000,39719400,0,158720000,97.7536,9.5344,16.2614,34.9587,
300453.SZ,三鑫医疗,2016-04-15,31.95,32.06,32.71,31.75,31.91,4359613,140360510.7,-0.04,-0.1252,32.1956,10.976,1267446054,N/A,5064755200,39719400,0,158720000,97.6312,9.5225,16.2411,34.9149,
300453.SZ,三鑫医疗,2016-04-18,31.91,31.35,32.89,30.79,32.72,6192694,199112604.7,0.81,2.5384,32.1528,15.5911,1299618768,N/A,5193318400,39719400,0,158720000,100.1095,9.7642,16.6534,35.8012,
300453.SZ,三鑫医疗,2016-04-19,32.72,32.45,32.72,31.51,32,3931880,126032959.9,-0.72,-2.2005,32.0541,9.8991,1271020800,N/A,5079040000,39719400,0,158720000,97.9066,9.5493,16.2869,35.0134,
300453.SZ,三鑫医疗,2016-04-20,32,31.9,32.1,28.9,29.08,5279241,159805896.7,-2.92,-9.125,30.2706,13.2913,1155040152,N/A,4615577600,39719400,0,158720000,88.9726,8.6779,14.8007,31.8184,
300453.SZ,三鑫医疗,2016-04-21,29.08,29,29.5,28.2,28.6,2960034,85736079.5,-0.48,-1.6506,28.9646,7.4524,1135974840,N/A,4539392000,39719400,0,158720000,87.504,8.5347,14.5564,31.2932,
300453.SZ,三鑫医疗,2016-04-22,28.6,28.6,29.43,28.22,29.13,2273932,65907921.9,0.53,1.8531,28.9841,5.725,1157026122,N/A,4623513600,39719400,0,158720000,89.1256,8.6929,14.8262,31.8732,
300453.SZ,三鑫医疗,2016-04-25,29.13,28.82,28.96,28.23,28.72,1855682,53019800.5,-0.41,-1.4075,28.5716,4.672,1140741168,N/A,4558438400,39719400,0,158720000,87.8711,8.5705,14.6175,31.4245,
300453.SZ,三鑫医疗,2016-04-26,28.72,28.93,29.3,28.7,29.29,1735246,50342726.2,0.57,1.9847,29.0119,4.3688,1163381226,N/A,4648908800,39719400,0,158720000,89.6151,8.7406,14.9076,32.0482,
300453.SZ,三鑫医疗,2016-04-27,29.29,29.36,29.48,28.5,28.6,1979953,57386828.2,-0.69,-2.3558,28.9839,4.9849,1135974840,N/A,4539392000,39719400,0,158720000,87.504,8.5347,14.5564,31.2932,
300453.SZ,三鑫医疗,2016-04-28,28.6,28.41,30.18,28.4,29.9,4178386,122742578.6,1.3,4.5455,29.3756,10.5198,1187610060,N/A,4745728000,39719400,0,158720000,91.4814,8.9226,15.2181,32.7157,
300453.SZ,三鑫医疗,2016-04-29,29.9,29.5,30.5,28.88,29.55,4509941,134123298.2,-0.35,-1.1706,29.7395,11.3545,1173708270,N/A,4690176000,39719400,0,158720000,90.4106,8.8182,15.0399,32.3327,
300453.SZ,三鑫医疗,2016-05-03,29.55,29.57,29.99,28.83,29.9,3574185,105937500.3,0.35,1.1844,29.6396,8.9986,1187610060,N/A,4745728000,39719400,0,158720000,91.4814,8.9226,15.2181,32.7157,
300453.SZ,三鑫医疗,2016-05-04,29.9,29.8,29.98,29.39,29.46,3067414,90880305.5,-0.44,-1.4716,29.6277,7.7227,1170133524,N/A,4675891200,39719400,0,158720000,90.1352,8.7913,14.9941,32.2342,
300453.SZ,三鑫医疗,2016-05-05,29.46,29.38,30.9,29.38,30.6,4971684,150257996.1,1.14,3.8697,30.2228,12.517,1215413640,N/A,4856832000,39719400,0,158720000,93.6232,9.1315,15.5743,33.4816,
300453.SZ,三鑫医疗,2016-05-06,30.6,30.79,30.79,28.12,28.4,4832932,142669335.2,-2.2,-7.1895,29.5202,12.1677,1128030960,N/A,4507648000,39719400,0,158720000,86.8921,8.475,14.4546,31.0744,
300453.SZ,三鑫医疗,2016-05-09,28.4,27.95,27.95,25.68,25.8,3072406,81719688.6,-2.6,-9.1549,26.5979,7.7353,1024760520,N/A,4094976000,39719400,0,158720000,78.9372,7.6991,13.1313,28.2296,
300453.SZ,三鑫医疗,2016-05-10,25.8,26.5,27.07,26.08,26.2,2530444,67246717.9,0.4,1.5504,26.5751,6.3708,1040648280,N/A,4158464000,39719400,0,158720000,80.161,7.8185,13.3349,28.6672,
300453.SZ,三鑫医疗,2016-05-11,26.2,26.28,26.41,25.28,25.83,2164326,56015987,-0.37,-1.4122,25.8815,5.449,1025952102,N/A,4099737600,39719400,0,158720000,79.029,7.7081,13.1466,28.2624,
300453.SZ,三鑫医疗,2016-05-12,25.83,25.22,25.45,24.22,25.41,1670788,41775509.1,-0.42,-1.626,25.0035,4.2065,1009269954,N/A,4033075200,39719400,0,158720000,77.7439,7.5828,12.9328,27.8028,
300453.SZ,三鑫医疗,2016-05-13,25.41,25.01,25.69,24.9,25.02,1411616,35715661,-0.39,-1.5348,25.3013,3.554,993779388,N/A,3971174400,39719400,0,158720000,76.5507,7.4664,12.7343,27.3761,
300453.SZ,三鑫医疗,2016-05-16,25.02,25.05,25.89,25.01,25.73,1329941,33924368.8,0.71,2.8377,25.5082,3.3483,1021980162,N/A,4083865600,39719400,0,158720000,78.723,7.6782,13.0957,28.153,
300453.SZ,三鑫医疗,2016-05-17,25.73,26,27.4,25.7,26.51,2665682,70356186.2,0.78,3.0315,26.3933,6.7113,1052961294,N/A,4207667200,39719400,0,158720000,81.1095,7.911,13.4927,29.0064,
300453.SZ,三鑫医疗,2016-05-18,26.51,25.8,25.83,24.33,24.9,2438050,61184248.3,-1.61,-6.0732,25.0956,6.1382,989013060,N/A,3952128000,39719400,0,158720000,76.1835,7.4306,12.6732,27.2448,
300453.SZ,三鑫医疗,2016-05-19,24.9,24.9,25.56,24.8,24.84,1856255,46748220.2,-0.06,-0.241,25.1842,2.838,1624697460,N/A,3942604800,65406500,0,158720000,76,7.4127,12.6427,27.1792,
300453.SZ,三鑫医疗,2016-05-20,24.84,24.74,25.35,24.21,25.3,1640635,40791588.1,0.46,1.8519,24.8633,2.5084,1654784450,N/A,4015616000,65406500,0,158720000,77.4074,7.5499,12.8768,27.6825,
300453.SZ,三鑫医疗,2016-05-23,25.3,25.47,25.76,25.33,25.63,1877812,47968028.6,0.33,1.3043,25.5446,2.871,1676368595,N/A,4067993600,65406500,0,158720000,78.417,7.6484,13.0448,28.0436,
300453.SZ,三鑫医疗,2016-05-24,25.63,25.26,25.62,24.93,25.11,1637746,41214826.2,-0.52,-2.0289,25.1656,2.5039,1642357215,N/A,3985459200,65406500,0,158720000,76.8261,7.4932,12.7801,27.4746,
300453.SZ,三鑫医疗,2016-05-25,25.11,25.25,25.74,24.82,25,1899824,48024594,-0.11,-0.4381,25.2784,2.9046,1635162500,N/A,3968000000,65406500,0,158720000,76.4895,7.4604,12.7241,27.3542,
300453.SZ,三鑫医疗,2016-05-26,25,24.96,25.05,23.95,24.78,2730092,66589083.2,-0.22,-0.88,24.3908,4.174,1620773070,N/A,3933081600,65406500,0,158720000,75.8164,7.3948,12.6122,27.1135,
300453.SZ,三鑫医疗,2016-05-27,24.78,24.86,24.86,24.33,24.5,2139847,52545697.7,-0.28,-1.1299,24.5558,3.2716,1602459250,N/A,3888640000,65406500,0,158720000,74.9597,7.3112,12.4697,26.8071,
300453.SZ,三鑫医疗,2016-05-30,24.5,24.2,24.4,23.87,24.1,2388477,57578835.5,-0.4,-1.6327,24.1069,3.6517,1576296650,N/A,3825152000,65406500,0,158720000,73.7359,7.1918,12.2661,26.3695,
300453.SZ,三鑫医疗,2016-05-31,24.1,24.18,25.5,24.15,25.48,4111459,102519485.5,1.38,5.7261,24.9351,6.286,1666557620,N/A,4044185600,65406500,0,158720000,77.9581,7.6036,12.9684,27.8794,
300453.SZ,三鑫医疗,2016-06-01,25.48,25.54,25.85,25.34,25.6,4440077,113707045.7,0.12,0.471,25.6093,6.7884,1674406400,N/A,4063232000,65406500,0,158720000,78.3253,7.6395,13.0295,28.0107,
300453.SZ,三鑫医疗,2016-06-02,25.6,25.49,27.4,25.37,26.94,7036871,185258603.4,1.34,5.2344,26.3268,10.7587,1762051110,N/A,4275916800,65406500,0,158720000,82.4251,8.0393,13.7115,29.4769,
300453.SZ,三鑫医疗,2016-06-03,26.94,26.85,26.99,26.17,26.65,4870573,129446932.1,-0.29,-1.0765,26.5774,7.4466,1743083225,N/A,4229888000,65406500,0,158720000,81.5378,7.9528,13.5639,29.1596,
300453.SZ,三鑫医疗,2016-06-06,26.65,26.66,26.8,26.16,26.5,3001807,79345724,-0.15,-0.5629,26.4327,4.5895,1733272250,N/A,4206080000,65406500,0,158720000,81.0789,7.908,13.4876,28.9955,
300453.SZ,三鑫医疗,2016-06-07,26.5,26.7,27.88,26.51,27.46,5173918,140564751.8,0.96,3.6226,27.168,7.9104,1796062490,N/A,4358451200,65406500,0,158720000,84.0161,8.1945,13.9762,30.0459,
300453.SZ,三鑫医疗,2016-06-08,27.46,27.18,27.19,26.26,26.45,3871481,103138309.5,-1.01,-3.6781,26.6405,5.9191,1730001925,N/A,4198144000,65406500,0,158720000,80.9259,7.8931,13.4621,28.9408,
